{"cameraMode":{"drawMode":0,"name":"Shaded","section":"Shading Mode"},"sceneLighting":true,"audioPlay":false,"sceneViewState":{"showFog":true,"showMaterialUpdate":false,"showSkybox":true,"showFlares":true,"showImageEffects":true,"showParticleSystems":true},"in2DMode":false,"pivot":{"x":580.714599609375,"y":307.6470947265625,"z":37.37150573730469},"rotation":{"x":0.061461761593818668,"y":0.0044924248941242699,"z":-0.0002663570921868086,"w":0.9981215000152588},"size":0.8270542621612549,"orthographic":true}